context,layer,n_prompts,n_utterances,mean_similarity,std_similarity,max_similarity,min_similarity
afraid,0,100,100,0.5251589146017192,0.1385977646917305,0.8321593015594779,-0.028362143820751584
afraid,1,100,100,0.8749414211634953,0.06457321838545747,0.9789445297027617,0.4188925694334878
afraid,2,100,100,0.9990346084442079,0.00097949394742448,0.9999476502177895,0.9928957034070645
afraid,3,100,100,0.9979554420956354,0.0020102678184512356,0.9998794258165249,0.985412329856935
afraid,4,100,100,0.9960266050616383,0.0035780297656835443,0.9998099578271002,0.9752676860139431
afraid,5,100,100,0.9941443383091386,0.004987395789119021,0.9997327073749536,0.9652973612804122
afraid,6,100,100,0.9925506015727391,0.0065489647185899445,0.9996923665327649,0.9558720523773814
afraid,7,100,100,0.9908948199387667,0.0075881192159941,0.9996863152210647,0.9514946970171587
afraid,8,100,100,0.9884698254087713,0.00967007839811842,0.9996250565137066,0.9399301270920014
afraid,9,100,100,0.9871381250864977,0.011167703832608173,0.9995914145536274,0.9273153857404334
afraid,10,100,100,0.9857854788467847,0.01269860124967876,0.9996046724329695,0.9168742700601316
afraid,11,100,100,0.9864012713846642,0.012005157761722488,0.999610491048368,0.9231038268612953
afraid,12,100,100,0.9814429131203,0.016879958874004692,0.9995250245589515,0.8841318194087854
afraid,13,100,100,0.9793936164419597,0.018684559777003767,0.9994976834043702,0.8787274593040009
afraid,14,100,100,0.9762703560019399,0.021392577518045918,0.9994275131467146,0.8604711555487073
afraid,15,100,100,0.968855940490351,0.026533174555064192,0.9992078727309502,0.8281372034783017
afraid,16,100,100,0.9626478924685241,0.029700244626203517,0.998992440477089,0.8080697902546521
afraid,17,100,100,0.9573254169442597,0.03283630078850114,0.9987330620917453,0.788990469854744
afraid,18,100,100,0.9544144948694551,0.0338771476032505,0.9985476387169452,0.7764571709788823
afraid,19,100,100,0.9504411939299489,0.03595757657469429,0.9983066538650934,0.7602477165377873
afraid,20,100,100,0.9387641638288418,0.04266750042320611,0.9979061210609768,0.7110817438151188
afraid,21,100,100,0.9298890782288801,0.047122222146676995,0.9974730546207556,0.6819170878603293
afraid,22,100,100,0.9243007924617467,0.0487595282655691,0.9971191009176179,0.6522445310324074
afraid,23,100,100,0.9192999309509847,0.04978714064635523,0.996681071267709,0.6332770670838992
afraid,24,100,100,0.9147722498256168,0.049847609897931966,0.9963842682764658,0.6151180386431531
afraid,25,100,100,0.9078318321044874,0.05203409287091833,0.9958160990619049,0.5854803707035365
afraid,26,100,100,0.8970265740219034,0.0544551961614974,0.9948450402663992,0.5778022642154096
afraid,27,100,100,0.8790293652916087,0.06117977571797834,0.993362846256794,0.5278269869482546
afraid,28,100,100,0.8002302235107548,0.06364429958955488,0.9580280359949293,0.3529184420850339
angry,0,100,100,0.4810427773242348,0.14544855159424766,0.8290910698184585,-0.2015647036658702
angry,1,100,100,0.867863346129173,0.06983101851418992,0.9833012361566449,0.32233717108053317
angry,2,100,100,0.9987989423196425,0.0018891229225117712,0.999946491404023,0.9823645270534596
angry,3,100,100,0.997485493637867,0.003806013840730365,0.9998933006523866,0.9644104174234173
angry,4,100,100,0.9952481163949768,0.006483967009855217,0.9998121458146323,0.9403791732752502
angry,5,100,100,0.993046237325239,0.008591036175572902,0.9997668020877339,0.9217688179377068
angry,6,100,100,0.9911728331625769,0.010925748669413858,0.9997284480156713,0.9025596935529785
angry,7,100,100,0.9894819728991577,0.011995581451504188,0.9996659913252268,0.89711402155741
angry,8,100,100,0.9867723593878281,0.014873517636143736,0.9996511990783549,0.8730841292260176
angry,9,100,100,0.9853886152837865,0.016345748947592477,0.9995995979192737,0.86151163344699
angry,10,100,100,0.9838528685804209,0.018681580749400576,0.9996124631422947,0.8408069296184069
angry,11,100,100,0.9843843169929609,0.018096740416357483,0.9996015663329798,0.8449966422645693
angry,12,100,100,0.9789470860649453,0.024072369053902302,0.9995228416294,0.7864372241938707
angry,13,100,100,0.9767360838721927,0.026041970389178146,0.9994837082312764,0.7789894367688641
angry,14,100,100,0.9729016349616606,0.03003619758159289,0.9994076690218732,0.7469352560839879
angry,15,100,100,0.965032281701299,0.035991546646232365,0.9991468755693205,0.7009601338549918
angry,16,100,100,0.9583452231813396,0.04001781885594264,0.9988630961462189,0.6755063340385519
angry,17,100,100,0.9524300389296796,0.04295541485669868,0.9986625129977242,0.6483328046319201
angry,18,100,100,0.949746305911716,0.04338613627414174,0.9983945426142655,0.6387203966933371
angry,19,100,100,0.9456031784042372,0.04548424183452272,0.9980913537677302,0.6153704649941891
angry,20,100,100,0.9328601726216442,0.051789414677037855,0.9975445702990714,0.565230871716572
angry,21,100,100,0.9236059936839404,0.055730172420792326,0.9970445469940817,0.5286523335017073
angry,22,100,100,0.9178757550657015,0.05676316093847371,0.9966413319038165,0.5097374274555216
angry,23,100,100,0.9125526189298695,0.05744292305958279,0.9961022366882659,0.5020701738577281
angry,24,100,100,0.9079333506299619,0.057089590872193036,0.9955507275685896,0.4926959393002845
angry,25,100,100,0.9007877576109263,0.059244996236685915,0.9948258550928453,0.4664236826874681
angry,26,100,100,0.8896626637205644,0.06157626742815582,0.9940117801736608,0.4553237436517659
angry,27,100,100,0.870753938141778,0.06808039903327856,0.9925948385755553,0.4124357517171658
angry,28,100,100,0.7939592041192614,0.05929995802481146,0.9649011092691451,0.47215256764519786
anxious,0,100,100,0.5392678397022712,0.13177589752866006,0.8989505191699267,0.093586345351755
anxious,1,100,100,0.8756903912641918,0.06307638762812569,0.992510578561823,0.36872627619601794
anxious,2,100,100,0.9989908602340207,0.0010366156770313566,0.9999837503669272,0.9906862215682319
anxious,3,100,100,0.9978743863236513,0.0021106718801308408,0.999968007118038,0.9810167834289896
anxious,4,100,100,0.9959034746353165,0.0037277847160864016,0.9999410037806683,0.9677430680060979
anxious,5,100,100,0.9939367493666683,0.005100891276343666,0.9999108287983067,0.9543280447665744
anxious,6,100,100,0.9922478680914985,0.006720195945195226,0.99991090854619,0.9417887498195929
anxious,7,100,100,0.9906377468828974,0.00769788165452621,0.9999019629067573,0.9364262178302711
anxious,8,100,100,0.9880872653366634,0.009957471697627706,0.9998926077039072,0.9180032013273214
anxious,9,100,100,0.9867355680208002,0.011163181046134216,0.9998880915520174,0.905021401147079
anxious,10,100,100,0.9853560027544572,0.012781099082361337,0.9998800143465175,0.8934065310649575
anxious,11,100,100,0.9858900288061646,0.012126451201768284,0.9998753703780825,0.900056662372275
anxious,12,100,100,0.9809614005173749,0.01726886089242885,0.9998513312772863,0.8496983821876415
anxious,13,100,100,0.9788873941275978,0.01870694786068234,0.9998371726573917,0.8430154550181647
anxious,14,100,100,0.9756381974441387,0.02138632835057791,0.9998175698481067,0.8148205658954574
anxious,15,100,100,0.9680488210888043,0.025991437529208246,0.9997094156884201,0.7823865573891281
anxious,16,100,100,0.9613564396621016,0.02999194359864808,0.9996497808652414,0.7550471532870495
anxious,17,100,100,0.9558886958800351,0.03296081588435454,0.9995634613793117,0.7301950605817512
anxious,18,100,100,0.9528243655833226,0.03400330473562501,0.9994936283926097,0.7139063232217222
anxious,19,100,100,0.9486266908966311,0.036101016412220015,0.9993913571150018,0.6929576818129259
anxious,20,100,100,0.9365707011794527,0.04261868191396801,0.9991226088640021,0.637491367402354
anxious,21,100,100,0.9281400252551024,0.04645398791977764,0.9989210103136356,0.6015363815369561
anxious,22,100,100,0.9228880535320386,0.048135203599525805,0.9988178145941264,0.5730764551137242
anxious,23,100,100,0.9181421176866789,0.048979340643773205,0.9985876481417328,0.5568386942103404
anxious,24,100,100,0.9137216800377659,0.04888411713413838,0.9981736967362632,0.5425124845025605
anxious,25,100,100,0.9074446735011621,0.050708669512567035,0.9979190851651066,0.5175418595506872
anxious,26,100,100,0.8973701502595303,0.052482677885058025,0.9974816959311603,0.5039808218763603
anxious,27,100,100,0.8802514505619229,0.05813187548954803,0.9967597296548756,0.4515888706624349
anxious,28,100,100,0.8072170577762119,0.07253286939601142,0.9697694050162488,0.19929783771251175
devastated,0,100,100,0.49790546862385515,0.14088848801728773,0.894569938916864,0.037622995121378115
devastated,1,100,100,0.8686658593991539,0.07753864255083918,0.9914434764597031,0.2196350799708667
devastated,2,100,100,0.9959842996648547,0.029025702185651665,0.9999799171556545,0.6884663848195475
devastated,3,100,100,0.9932622048500783,0.04403203778030729,0.999967014114102,0.5259153509163029
devastated,4,100,100,0.9902700912004375,0.05242780397956926,0.9999206174613096,0.4314813013933313
devastated,5,100,100,0.988004154905756,0.054888519513282254,0.9999089487742331,0.400540181461885
devastated,6,100,100,0.9859946320321269,0.05773303044073682,0.9999061202026062,0.3682979602061994
devastated,7,100,100,0.9840988292895516,0.060325080330117804,0.999895789263602,0.3423111894208933
devastated,8,100,100,0.9811692517881009,0.06334949257398104,0.9998775164621015,0.30438801077205474
devastated,9,100,100,0.9797920665072994,0.06312273606941078,0.9998802911009832,0.30729601907563164
devastated,10,100,100,0.9780119806598477,0.0668511922611491,0.9998848187108699,0.26463378112377695
devastated,11,100,100,0.9785169583483112,0.06806226998462667,0.9998852106236088,0.2561348181013055
devastated,12,100,100,0.9732965600501522,0.06893509673438472,0.9998792757824473,0.22991262762741976
devastated,13,100,100,0.9708785639972308,0.07108044115704074,0.9998712812773657,0.2117417906970392
devastated,14,100,100,0.9673421077268389,0.07288371707363014,0.9998582508838182,0.19070406913581556
devastated,15,100,100,0.9596404077316786,0.07346144143016574,0.9997949517706284,0.18521736107728537
devastated,16,100,100,0.9539576398287501,0.0728156579272136,0.9997515132774084,0.20577502651383822
devastated,17,100,100,0.948411154228961,0.0704203041198733,0.9996722861430037,0.2381579067341099
devastated,18,100,100,0.9462214232257334,0.06806027421472373,0.9996091303617174,0.2607924426166538
devastated,19,100,100,0.9422183221086016,0.06788932232864472,0.99955188512416,0.2699125879710245
devastated,20,100,100,0.931012313606976,0.06751125423312374,0.9994370600958442,0.30692161901178133
devastated,21,100,100,0.9228300581181835,0.06732235128656149,0.9993155139874397,0.33336196661288403
devastated,22,100,100,0.9173490302135943,0.06670320669535772,0.9992039634283354,0.34906060052546134
devastated,23,100,100,0.9124416118732339,0.06598032902420688,0.9990930746232042,0.36358647659966503
devastated,24,100,100,0.9084214121192341,0.06347156757364907,0.9989243240502861,0.3919359540222882
devastated,25,100,100,0.901820116182363,0.06440618022464001,0.9987439898881285,0.39107784821652325
devastated,26,100,100,0.8903109554612422,0.06685492147524565,0.9985686698809223,0.3816988105555809
devastated,27,100,100,0.8717880878814863,0.07238920939512294,0.9982934349842397,0.3706801011631521
devastated,28,100,100,0.7967126139899711,0.07677585864298074,0.9898549983857194,0.17400597087889152
lonely,0,100,100,0.5497794713029956,0.11786496966516921,0.9562299209657461,0.033392462779472665
lonely,1,100,100,0.8870469704691726,0.05391307993029389,0.991814737363452,0.46478460648133574
lonely,2,100,100,0.9991957996328896,0.0009411200274391907,0.9999624123848815,0.9896066246043362
lonely,3,100,100,0.9983197972710229,0.0018816200284780874,0.9999160936841643,0.9792671993126308
lonely,4,100,100,0.9967683406858803,0.0034008928101038585,0.9998801866389863,0.9626971700025309
lonely,5,100,100,0.9952025343610792,0.004826589629551699,0.9998455115501566,0.9472976481284375
lonely,6,100,100,0.9940414006996215,0.006031477889212501,0.9998071200229742,0.9339786319883375
lonely,7,100,100,0.9926869812580786,0.0068634048472699044,0.9997691800534765,0.9276721560402853
lonely,8,100,100,0.9907454205663285,0.008578738927251525,0.9997324054946047,0.9112940815698858
lonely,9,100,100,0.9896901795609506,0.009670356512616787,0.9997034683702317,0.9011131479702039
lonely,10,100,100,0.9886180787525329,0.011209435403507892,0.9996986282906969,0.8834614888268776
lonely,11,100,100,0.9889168405738852,0.010818322122948663,0.9996813114553291,0.8882117342299269
lonely,12,100,100,0.9850792814478746,0.014636150251580372,0.9995819677534162,0.8473839706965683
lonely,13,100,100,0.9831808350640545,0.016205620559498046,0.9994922275167408,0.8327092506582401
lonely,14,100,100,0.9806375511321818,0.018217759257191803,0.9994295212049144,0.8133743985943656
lonely,15,100,100,0.9745839236051558,0.022351735978714576,0.9992128211566598,0.7695877743050142
lonely,16,100,100,0.9693914354938673,0.025367720372956887,0.9990227835291372,0.7448230916753693
lonely,17,100,100,0.9645218380021557,0.02803565826664274,0.9988478047633251,0.7235449700848324
lonely,18,100,100,0.9622119206960175,0.02847277587666949,0.9986410939817948,0.7195003641485019
lonely,19,100,100,0.9585551191855025,0.030322318222946187,0.9984041523106233,0.706665053678875
lonely,20,100,100,0.9491591771825366,0.03539879530360788,0.9979302735214082,0.6603311119982759
lonely,21,100,100,0.94153513930494,0.03890847805049166,0.9974319941259577,0.6324801341034836
lonely,22,100,100,0.936582298344142,0.04034467980306178,0.9970423267950552,0.6171926363869482
lonely,23,100,100,0.9318256188438525,0.04108318172706903,0.9967641436788703,0.6118714120823633
lonely,24,100,100,0.9269999822986338,0.04154934386008536,0.996370669699126,0.6082775811838175
lonely,25,100,100,0.9204754225387068,0.04345799797363818,0.9959329161018663,0.5916553414970844
lonely,26,100,100,0.9116862841557795,0.044527028157874494,0.995524358826428,0.5900252445012867
lonely,27,100,100,0.8953462187116263,0.04934508384721023,0.9947919104387877,0.5546116524045372
lonely,28,100,100,0.8200048617993787,0.05559371613308561,0.9876165113549733,0.4721980657978801
sad,0,100,100,0.497298626977663,0.13679572153500072,0.9454277619961171,-0.05984281554161072
sad,1,100,100,0.8868757827682335,0.05488949986570613,0.9940957160423423,0.485273239120581
sad,2,100,100,0.9992157876248114,0.0008343582480551949,0.9999867432889851,0.993166042226516
sad,3,100,100,0.9983499741234882,0.0016900356235356507,0.9999737865055311,0.9857691560760025
sad,4,100,100,0.9967803625603366,0.003036575266718332,0.999962393611826,0.9754487814926384
sad,5,100,100,0.99526009112391,0.004114211807796198,0.9999522169314113,0.9677173968616692
sad,6,100,100,0.994005054770135,0.0053827436362426885,0.9999458713291547,0.9584776837070128
sad,7,100,100,0.9926772180858934,0.006159995416710507,0.9999322806929333,0.9527315533955847
sad,8,100,100,0.9907415792990388,0.007701233270604815,0.9999174518852674,0.9408431535118758
sad,9,100,100,0.9896994570370667,0.008712445932968597,0.9999262685171137,0.9327597167099835
sad,10,100,100,0.9887209392257659,0.009872633286686474,0.9999257025778343,0.9243887833962969
sad,11,100,100,0.9890689053017863,0.009560221123995493,0.9999260641587914,0.9260180664848845
sad,12,100,100,0.985242694651998,0.013631201256337034,0.9999061745064765,0.8929982494267787
sad,13,100,100,0.9834769481637835,0.015096145035363988,0.9998843657027426,0.8845930210124492
sad,14,100,100,0.9807868663575692,0.01778826627116546,0.9998664932895076,0.8623194352179246
sad,15,100,100,0.9747478683750925,0.021817626872977315,0.9998399657485296,0.8299291945123559
sad,16,100,100,0.9699148063001012,0.02460883479193,0.9998172439709174,0.8134371758061408
sad,17,100,100,0.9650293331009984,0.027315387365942547,0.9997883635174776,0.7871761714874489
sad,18,100,100,0.9625012492213387,0.02819398708276032,0.9997683912375976,0.7777004493533464
sad,19,100,100,0.9588751283229608,0.02995034014987259,0.9997220636179236,0.765010204022157
sad,20,100,100,0.949020469310931,0.03482797239073795,0.9996335574823658,0.7258018992746856
sad,21,100,100,0.9416245377438464,0.03832800504254964,0.9995952830589324,0.6950149990510993
sad,22,100,100,0.9361950099874803,0.04028075131797661,0.9995683168180751,0.6708470783668762
sad,23,100,100,0.9313155548395754,0.04118249766682413,0.9995205566813226,0.6605002132841306
sad,24,100,100,0.9267045412999926,0.04165335365861836,0.9994707762548422,0.6477432049855867
sad,25,100,100,0.9201888911973166,0.04371028708446449,0.9993812586934316,0.6236601418423164
sad,26,100,100,0.9103488509153174,0.046276621423109385,0.9992934055115643,0.6033411910910761
sad,27,100,100,0.8932187197477575,0.05296223838704973,0.9991338364304642,0.5418848293911273
sad,28,100,100,0.8092396303542937,0.05330383058831049,0.997208850517438,0.5518617970196056
terrified,0,100,100,0.5424439777485193,0.12171599101473864,0.8566053908906573,0.15646139763170427
terrified,1,100,100,0.8622897025612739,0.07370974400175084,0.9786372228928673,0.4429591849600215
terrified,2,100,100,0.9985569197415256,0.0019695569593482084,0.9999414893469711,0.9842740704296887
terrified,3,100,100,0.9969732326081255,0.004025242199871291,0.9998911435015819,0.9673713913342592
terrified,4,100,100,0.9942258604293113,0.007158431301220728,0.9998346236014487,0.9408383626760878
terrified,5,100,100,0.9916678925104055,0.00947397491895745,0.9997645599741414,0.920855349991283
terrified,6,100,100,0.9893596930875312,0.01228832657348733,0.9997479977412949,0.8995017012008117
terrified,7,100,100,0.9874425478320094,0.013191857582775478,0.9997354361003208,0.8967516873361462
terrified,8,100,100,0.9841365327648715,0.016528278943658617,0.9996739573985078,0.8739589673939933
terrified,9,100,100,0.9822599118266149,0.01905157201864155,0.9996838577795271,0.8562475441595465
terrified,10,100,100,0.9803043811056794,0.02165010031628669,0.9996927022449735,0.8362354894509579
terrified,11,100,100,0.9811732163786916,0.020537051945986737,0.9996880387283713,0.8459888492587797
terrified,12,100,100,0.9743481546242577,0.028150233255522177,0.9996645307019016,0.7879961710918784
terrified,13,100,100,0.9715525968898037,0.03064044915253729,0.9996202950003593,0.7734224926698703
terrified,14,100,100,0.9675746481757443,0.034246517031080934,0.9995433756170203,0.7480630950875203
terrified,15,100,100,0.9584765935242094,0.04005458968374414,0.9994110733607693,0.7066467322963569
terrified,16,100,100,0.9509243402668517,0.043584829799564594,0.9993125006174474,0.6933899198712243
terrified,17,100,100,0.9446708795002021,0.047090283967170535,0.9991750138693871,0.6736559745075313
terrified,18,100,100,0.9418139262207232,0.04729142076390758,0.9990631393358544,0.6697925440656226
terrified,19,100,100,0.9376936605953975,0.048979648500072685,0.9989407113002653,0.6573238166945917
terrified,20,100,100,0.924087480294365,0.054977248444849594,0.9985519145985511,0.6265381249263856
terrified,21,100,100,0.9143545926611799,0.05846110311201149,0.9982905679277669,0.6059408462733571
terrified,22,100,100,0.9088105546238475,0.05945408060958762,0.9980404913205557,0.5917827708162429
terrified,23,100,100,0.9035819391117129,0.05974755711507812,0.9977546774271581,0.5899392087401834
terrified,24,100,100,0.8996899090629417,0.05860827131576014,0.9974990806131213,0.5895488008861204
terrified,25,100,100,0.8926104379727993,0.059927418731830724,0.9970252574796779,0.5764132986604202
terrified,26,100,100,0.8809189272188823,0.061420125508597594,0.9965181131645728,0.5749257752746284
terrified,27,100,100,0.8617285164757447,0.06750558273897678,0.9953641084513639,0.5471957727917192
terrified,28,100,100,0.7984881956488648,0.05643510100851688,0.9692318770899238,0.5195332654897443
furious,0,100,100,0.5234493939491466,0.12777577471735055,0.8623348683615071,-0.07487045001094743
furious,1,100,100,0.8708821266247967,0.06298345745425508,0.9823572419011042,0.4326145687843333
furious,2,100,100,0.998848019347521,0.0011831020201297077,0.9999562716149487,0.9909971475807213
furious,3,100,100,0.9975700272790189,0.0024079868436316615,0.999927177564512,0.9820953371149987
furious,4,100,100,0.9953302006794512,0.004286371912115546,0.999885823488736,0.9680682249436805
furious,5,100,100,0.9931225969243395,0.00587621982111086,0.9998649657246466,0.9564338405297752
furious,6,100,100,0.9912091062122077,0.007530269975396326,0.9998341614145339,0.9459854197491767
furious,7,100,100,0.9894367909711662,0.008498909890260033,0.9998077320300562,0.9432190096453632
furious,8,100,100,0.9865839680239201,0.010901840033354494,0.9997808060872192,0.9254382385948953
furious,9,100,100,0.9851118045339261,0.012522716355978864,0.9997750505587543,0.9114774131799144
furious,10,100,100,0.983453673326753,0.014353629420216662,0.9997762598352555,0.9001728603858874
furious,11,100,100,0.9841530710912444,0.013478420402114602,0.9997718777752438,0.910423269075309
furious,12,100,100,0.978707444947162,0.01901494587882507,0.9997450062735392,0.8652353618554551
furious,13,100,100,0.9765055077486166,0.02052775641564792,0.9997211315952991,0.8551759593158397
furious,14,100,100,0.972633992058101,0.02381220235212846,0.9996673728111127,0.8372516346447627
furious,15,100,100,0.9643486667192915,0.02861156329805268,0.9995513677562318,0.8069933478255416
furious,16,100,100,0.9572434052649751,0.03244576872869067,0.9993750458864757,0.7876799192596975
furious,17,100,100,0.951192907344372,0.03581319933129696,0.9991283388079983,0.7705026248215061
furious,18,100,100,0.9488130972510106,0.036480116950771135,0.9989696892166453,0.760087672933444
furious,19,100,100,0.9445295228072197,0.038424730713770935,0.9988627537834855,0.7482390508761564
furious,20,100,100,0.9307653102601112,0.04530963547240249,0.9985443348438782,0.6923822268680637
furious,21,100,100,0.9210298405657648,0.04940096232462084,0.998236838630958,0.6564836599308225
furious,22,100,100,0.9158726157862358,0.050499954981146365,0.9979395034263372,0.6325051059742561
furious,23,100,100,0.9108498538365831,0.051242775887079144,0.9976507123228934,0.6163169332608981
furious,24,100,100,0.9065267190015793,0.05072414046337274,0.9972562691244893,0.5984378898248912
furious,25,100,100,0.8996408140951704,0.052643924590015254,0.9968332174782355,0.564615044268103
furious,26,100,100,0.8873461915838454,0.0551497742167591,0.9963030769849803,0.5575525913789703
furious,27,100,100,0.8683372504249234,0.06140012003787644,0.9954310314939829,0.505205034919278
furious,28,100,100,0.7946001195145056,0.06755282689250355,0.967663748246995,0.3190812238891637
grateful,0,100,100,0.5671559676368617,0.11739482528794659,0.8540966497743282,0.09532938684781787
grateful,1,100,100,0.8719075371359375,0.06531352153591759,0.9766766537925811,0.4223920276405652
grateful,2,100,100,0.9986772509070546,0.0017357140373002033,0.9999248514322673,0.9844820025275485
grateful,3,100,100,0.9972507059239272,0.003443399382502468,0.9998419325741076,0.9691940028168559
grateful,4,100,100,0.9947800505860469,0.00585142920028623,0.9996883904848783,0.9505792173009114
grateful,5,100,100,0.992419753962534,0.00792527387952044,0.9995522073537901,0.9339301967154605
grateful,6,100,100,0.9903603152614602,0.010139029164236008,0.999494184175516,0.9149578550607012
grateful,7,100,100,0.9883702908015173,0.011648244344458299,0.9993474177752224,0.9046063759880341
grateful,8,100,100,0.9853626735467289,0.014470341379522281,0.9991549164437631,0.882799063530397
grateful,9,100,100,0.9837219561261269,0.016195311569800787,0.9991283204481587,0.8701716242056741
grateful,10,100,100,0.9818700452449394,0.018368490975842703,0.9991288804921046,0.8553456230437102
grateful,11,100,100,0.9824231959560148,0.01780294484839961,0.9991540429713326,0.861498105930171
grateful,12,100,100,0.9765557999350147,0.024255850686644348,0.9988362121408512,0.8033616933892458
grateful,13,100,100,0.9738403239494184,0.026623906641753268,0.9987216437234072,0.7859696948755739
grateful,14,100,100,0.9698873736186157,0.02991168758856332,0.9985169105857054,0.7594439752218731
grateful,15,100,100,0.9614203873943714,0.035751936379761325,0.9980538061787751,0.7169955111578568
grateful,16,100,100,0.9543691048076722,0.039242606410714455,0.9976728012075883,0.699860397969418
grateful,17,100,100,0.9483779583654288,0.04234817511769462,0.9971375470705433,0.6750766281789666
grateful,18,100,100,0.9454314226560339,0.04280552379137892,0.9967772038389777,0.6677762394145088
grateful,19,100,100,0.9411405092031137,0.044563221848934555,0.9963433473534113,0.6503115980325807
grateful,20,100,100,0.9286446305316682,0.05067692732268426,0.9952710331373955,0.6160124592366617
grateful,21,100,100,0.9201981191795214,0.05370301692942348,0.9945498866223913,0.5948695651033038
grateful,22,100,100,0.9155193244431313,0.054039306781828916,0.99379193177494,0.58626467764155
grateful,23,100,100,0.911169133906682,0.05410412595758787,0.9929581685859374,0.5832031886752762
grateful,24,100,100,0.9078154076034912,0.05260387730593593,0.992217433974092,0.5876357281579365
grateful,25,100,100,0.901599174643169,0.053645359055561545,0.9913362945025158,0.5781264034205587
grateful,26,100,100,0.8898453037589863,0.056211487091749064,0.990111622056973,0.5753687974149129
grateful,27,100,100,0.8704329104783285,0.0623287590422084,0.9874015621615968,0.5316281589796438
grateful,28,100,100,0.8081186060068762,0.05106714401192896,0.956512295817015,0.5829886793026076
hopeful,0,100,100,0.5373157003207452,0.13231050303339412,0.8351414989117947,-0.11435376569870619
hopeful,1,100,100,0.8828104465307582,0.05460194773468748,0.9802799425940952,0.49695512184914314
hopeful,2,100,100,0.9991433330476819,0.0007588154058133692,0.9999047512167369,0.9940151559106318
hopeful,3,100,100,0.9981596960680909,0.0015735349512030665,0.999782444516382,0.9878170518977882
hopeful,4,100,100,0.996411933218975,0.002839232646997939,0.9996754572262812,0.9790280453241682
hopeful,5,100,100,0.9946485553437698,0.004099276636286957,0.9995297246911572,0.9700251398022739
hopeful,6,100,100,0.9931617244274328,0.005409029222598236,0.9993964644444314,0.9596330851787281
hopeful,7,100,100,0.9917325496035899,0.006210188485078239,0.9992810410332957,0.956434502259934
hopeful,8,100,100,0.9896022008519163,0.007836687106545158,0.9992439942809925,0.945860395349689
hopeful,9,100,100,0.9883127977052393,0.009114914638595251,0.9992488556162948,0.9347795325076437
hopeful,10,100,100,0.9870885192213343,0.010314601743651815,0.9992128830624242,0.9255517084871735
hopeful,11,100,100,0.9875305274227821,0.009777011892341262,0.9992193992557137,0.9287931885796772
hopeful,12,100,100,0.9832594811054504,0.013894280329739318,0.9992022723014465,0.8890590210076024
hopeful,13,100,100,0.9812704826160279,0.015376692095699447,0.9991358986952699,0.88126408105908
hopeful,14,100,100,0.9782002170213835,0.01769082201637138,0.9988786901742258,0.8595504589398645
hopeful,15,100,100,0.9712031651804592,0.022064242621937114,0.9981580108267261,0.8274478722794399
hopeful,16,100,100,0.9653228396873438,0.02526231960590696,0.9977661551842287,0.8121336933759598
hopeful,17,100,100,0.960171803615885,0.027884600119241362,0.9971407198621446,0.7898533400918234
hopeful,18,100,100,0.9568441214013071,0.029289989639997054,0.9968081357594198,0.7730634915220551
hopeful,19,100,100,0.9531409399508737,0.031033032791649977,0.9963223096447767,0.7592079530189194
hopeful,20,100,100,0.9420176075050236,0.03701598754662672,0.9955383542738794,0.7179271592376261
hopeful,21,100,100,0.9339286337083617,0.04080449866302271,0.9950486203935373,0.6895969867940341
hopeful,22,100,100,0.9289878601460423,0.04238340805426906,0.9945557810318798,0.6670085083360053
hopeful,23,100,100,0.9246008179137705,0.04300933960578361,0.9938092678151346,0.6545556785813016
hopeful,24,100,100,0.9199846156040227,0.04353154687565104,0.9930750495295473,0.6436971281113206
hopeful,25,100,100,0.9138312693095105,0.0454560487409865,0.9923752809059173,0.6182520185960343
hopeful,26,100,100,0.9032770865384886,0.047850340931589484,0.9912937142641414,0.6044716209398641
hopeful,27,100,100,0.8859210418177045,0.05312506182941935,0.9890092363949201,0.5627944405975551
hopeful,28,100,100,0.806948783257213,0.05562490973438559,0.9430613239285426,0.4593366100690913
faithful,0,100,100,0.5602088290845773,0.13276341783826562,0.9105359207304566,0.0686131537562539
faithful,1,100,100,0.8720561814224116,0.0672780222489306,0.9851987168741426,0.45209851761198244
faithful,2,100,100,0.99876319994657,0.001802540178495582,0.9999479917876656,0.9830919593426417
faithful,3,100,100,0.9973841614907991,0.0036066617544503236,0.9998997054439785,0.967415326346314
faithful,4,100,100,0.9950083367287107,0.006236325929409821,0.999805631860542,0.9456521522499847
faithful,5,100,100,0.9928583704898222,0.008226207666722968,0.9997514345968292,0.9285089908483904
faithful,6,100,100,0.9910027894573815,0.01038751757352041,0.9997224037141907,0.9105193326411111
faithful,7,100,100,0.9892082615710166,0.011962281915584037,0.9996280439025843,0.8959266868493336
faithful,8,100,100,0.9864975523309691,0.01463255280920003,0.9995512566228621,0.8730285069519362
faithful,9,100,100,0.9851209825096175,0.01621510700678914,0.9995175338160194,0.8590221817849643
faithful,10,100,100,0.9833057259437455,0.018929000988960543,0.9995366471001808,0.8357887492460315
faithful,11,100,100,0.9837790443405229,0.018305857222361884,0.9995000459673477,0.8465023968094321
faithful,12,100,100,0.9782233335356499,0.024716803020346855,0.9993852532604096,0.7884421454735605
faithful,13,100,100,0.9757884147075773,0.026820956745179033,0.9993489823123264,0.7771094694849541
faithful,14,100,100,0.9720141801604039,0.030412799440596223,0.9992359005612708,0.755809261692875
faithful,15,100,100,0.9639322331011321,0.03585468534605954,0.9989658894497974,0.7206287899484445
faithful,16,100,100,0.957586387840176,0.0393748025969306,0.9987542100659657,0.7051265615206701
faithful,17,100,100,0.951667920961454,0.042568829410040615,0.9985777760274328,0.6815146284198215
faithful,18,100,100,0.9486836822372235,0.04354165263572046,0.9983350935200115,0.6694253466065734
faithful,19,100,100,0.944517242038599,0.045619884083958076,0.9980779816591716,0.6595148092108939
faithful,20,100,100,0.9337150440955247,0.050796308490250165,0.9976989895773103,0.628446707323263
faithful,21,100,100,0.9254447701702806,0.054436057822040994,0.9974451683310603,0.6047452674577917
faithful,22,100,100,0.9208321049133418,0.055281284452651194,0.9969057742841374,0.5915230618999917
faithful,23,100,100,0.9163463990944599,0.05522570341800366,0.9962832450739767,0.5913375362970746
faithful,24,100,100,0.9122166167840358,0.05460348937705167,0.9958567375355522,0.5936767479585894
faithful,25,100,100,0.906086755669451,0.05597894988601517,0.9953590215253579,0.5841250047021167
faithful,26,100,100,0.8953161598227414,0.05801355280924646,0.9946373206653646,0.5738385584657066
faithful,27,100,100,0.8770430350136812,0.06357331976474341,0.9934379723945131,0.5222009390842433
faithful,28,100,100,0.8134820057883073,0.0553573782639514,0.9824731829059097,0.5544833022647887
